_id,idx,series,kode_wilayah,wilayah,tahun,triwulan,bulan,tanggal,nilai,target
1,0,Luas Lahan yang Dibakar (Ha),1,Indonesia,2008,,,,1857348.3,
2,1,Luas Lahan yang Dibakar (Ha),11,ACEH,2008,,,,21402.1,
3,2,Luas Lahan yang Dibakar (Ha),12,SUMATERA UTARA,2008,,,,15946.8,
4,3,Luas Lahan yang Dibakar (Ha),13,SUMATERA BARAT,2008,,,,5601.2,
5,4,Luas Lahan yang Dibakar (Ha),14,RIAU,2008,,,,13729.2,
6,5,Luas Lahan yang Dibakar (Ha),15,JAMBI,2008,,,,11264.7,
7,6,Luas Lahan yang Dibakar (Ha),16,SUMATERA SELATAN,2008,,,,39692.5,
8,7,Luas Lahan yang Dibakar (Ha),17,BENGKULU,2008,,,,7676.7,
9,8,Luas Lahan yang Dibakar (Ha),18,LAMPUNG,2008,,,,56679.1,
10,9,Luas Lahan yang Dibakar (Ha),19,KEPULAUAN BANGKA BELITUNG,2008,,,,7790.3,
11,10,Luas Lahan yang Dibakar (Ha),21,KEPULAUAN RIAU,2008,,,,1629.8,
12,11,Luas Lahan yang Dibakar (Ha),31,DKI JAKARTA,2008,,,,,
13,12,Luas Lahan yang Dibakar (Ha),32,JAWA BARAT,2008,,,,7317.7,
14,13,Luas Lahan yang Dibakar (Ha),33,JAWA TENGAH,2008,,,,5318.7,
15,14,Luas Lahan yang Dibakar (Ha),34,D I YOGYAKARTA,2008,,,,,
16,15,Luas Lahan yang Dibakar (Ha),35,JAWA TIMUR,2008,,,,6127.2,
17,16,Luas Lahan yang Dibakar (Ha),36,BANTEN,2008,,,,5233.5,
18,17,Luas Lahan yang Dibakar (Ha),51,BALI,2008,,,,22.7,
19,18,Luas Lahan yang Dibakar (Ha),52,NUSA TENGGARA BARAT,2008,,,,4439.7,
20,19,Luas Lahan yang Dibakar (Ha),53,NUSA TENGGARA TIMUR,2008,,,,93266.6,
21,20,Luas Lahan yang Dibakar (Ha),61,KALIMANTAN BARAT,2008,,,,1261206.8,
22,21,Luas Lahan yang Dibakar (Ha),62,KALIMANTAN TENGAH,2008,,,,114099.1,
23,22,Luas Lahan yang Dibakar (Ha),63,KALIMANTAN SELATAN,2008,,,,17968.6,
24,23,Luas Lahan yang Dibakar (Ha),64,KALIMANTAN TIMUR,2008,,,,65337.1,
25,24,Luas Lahan yang Dibakar (Ha),71,SULAWESI UTARA,2008,,,,4632.2,
26,25,Luas Lahan yang Dibakar (Ha),72,SULAWESI TENGAH,2008,,,,17203.1,
27,26,Luas Lahan yang Dibakar (Ha),73,SULAWESI SELATAN,2008,,,,9397.6,
28,27,Luas Lahan yang Dibakar (Ha),74,SULAWESI TENGGARA,2008,,,,12338.2,
29,28,Luas Lahan yang Dibakar (Ha),75,GORONTALO,2008,,,,1206.8,
30,29,Luas Lahan yang Dibakar (Ha),76,SULAWESI BARAT,2008,,,,5357.2,
31,30,Luas Lahan yang Dibakar (Ha),81,MALUKU,2008,,,,15895.6,
32,31,Luas Lahan yang Dibakar (Ha),82,MALUKU UTARA,2008,,,,7258.9,
33,32,Luas Lahan yang Dibakar (Ha),91,PAPUA BARAT,2008,,,,5490.0,
34,33,Luas Lahan yang Dibakar (Ha),94,PAPUA,2008,,,,16818.6,
35,34,Luas Lahan yang Dibakar (Ha),1101,SIMEULUE,2008,,,,809.0,
36,35,Luas Lahan yang Dibakar (Ha),1102,ACEH SINGKIL,2008,,,,1559.5,
37,36,Luas Lahan yang Dibakar (Ha),1103,ACEH SELATAN,2008,,,,1540.5,
38,37,Luas Lahan yang Dibakar (Ha),1104,ACEH TENGGARA,2008,,,,632.0,
39,38,Luas Lahan yang Dibakar (Ha),1105,ACEH TIMUR,2008,,,,2729.0,
40,39,Luas Lahan yang Dibakar (Ha),1106,ACEH TENGAH,2008,,,,291.1,
41,40,Luas Lahan yang Dibakar (Ha),1107,ACEH BARAT,2008,,,,1342.5,
42,41,Luas Lahan yang Dibakar (Ha),1108,ACEH BESAR,2008,,,,1039.5,
43,42,Luas Lahan yang Dibakar (Ha),1109,PIDIE,2008,,,,1546.0,
44,43,Luas Lahan yang Dibakar (Ha),1110,BIREUEN,2008,,,,1411.0,
45,44,Luas Lahan yang Dibakar (Ha),1111,ACEH UTARA,2008,,,,1034.0,
46,45,Luas Lahan yang Dibakar (Ha),1112,ACEH BARAT DAYA,2008,,,,2046.0,
47,46,Luas Lahan yang Dibakar (Ha),1113,GAYO LUES,2008,,,,717.5,
48,47,Luas Lahan yang Dibakar (Ha),1114,ACEH TAMIANG,2008,,,,158.0,
49,48,Luas Lahan yang Dibakar (Ha),1115,NAGAN RAYA,2008,,,,517.0,
50,49,Luas Lahan yang Dibakar (Ha),1116,ACEH JAYA,2008,,,,1938.5,
51,50,Luas Lahan yang Dibakar (Ha),1117,BENER MERIAH,2008,,,,437.6,
52,51,Luas Lahan yang Dibakar (Ha),1118,PIDIE JAYA,2008,,,,247.4,
53,52,Luas Lahan yang Dibakar (Ha),1171,KOTA BANDA ACEH,2008,,,,,
54,53,Luas Lahan yang Dibakar (Ha),1172,KOTA SABANG,2008,,,,,
55,54,Luas Lahan yang Dibakar (Ha),1173,KOTA LANGSA,2008,,,,8.0,
56,55,Luas Lahan yang Dibakar (Ha),1174,KOTA LHOKSEUMAWE,2008,,,,143.0,
57,56,Luas Lahan yang Dibakar (Ha),1175,KOTA SUBULUSSALAM,2008,,,,1255.0,
58,57,Luas Lahan yang Dibakar (Ha),1201,NIAS,2008,,,,962.5,
59,58,Luas Lahan yang Dibakar (Ha),1202,MANDAILING NATAL,2008,,,,3285.8,
60,59,Luas Lahan yang Dibakar (Ha),1203,TAPANULI SELATAN,2008,,,,644.7,
61,60,Luas Lahan yang Dibakar (Ha),1204,TAPANULI TENGAH,2008,,,,426.5,
62,61,Luas Lahan yang Dibakar (Ha),1205,TAPANULI UTARA,2008,,,,206.5,
63,62,Luas Lahan yang Dibakar (Ha),1206,TOBA SAMOSIR,2008,,,,28.0,
64,63,Luas Lahan yang Dibakar (Ha),1207,LABUHAN BATU,2008,,,,507.0,
65,64,Luas Lahan yang Dibakar (Ha),1208,ASAHAN,2008,,,,159.2,
66,65,Luas Lahan yang Dibakar (Ha),1209,SIMALUNGUN,2008,,,,660.4,
67,66,Luas Lahan yang Dibakar (Ha),1210,DAIRI,2008,,,,127.0,
68,67,Luas Lahan yang Dibakar (Ha),1211,KARO,2008,,,,3838.0,
69,68,Luas Lahan yang Dibakar (Ha),1212,DELI SERDANG,2008,,,,24.0,
70,69,Luas Lahan yang Dibakar (Ha),1213,LANGKAT,2008,,,,1889.0,
71,70,Luas Lahan yang Dibakar (Ha),1214,NIAS SELATAN,2008,,,,1388.8,
72,71,Luas Lahan yang Dibakar (Ha),1215,HUMBANG HASUNDUTAN,2008,,,,21.0,
73,72,Luas Lahan yang Dibakar (Ha),1216,PAKPAK BHARAT,2008,,,,198.0,
74,73,Luas Lahan yang Dibakar (Ha),1217,SAMOSIR,2008,,,,12.0,
75,74,Luas Lahan yang Dibakar (Ha),1218,SERDANG BEDAGAI,2008,,,,28.0,
76,75,Luas Lahan yang Dibakar (Ha),1219,BATU BARA,2008,,,,39.4,
77,76,Luas Lahan yang Dibakar (Ha),1220,PADANG LAWAS UTARA,2008,,,,1092.1,
78,77,Luas Lahan yang Dibakar (Ha),1221,PADANG LAWAS,2008,,,,403.9,
79,78,Luas Lahan yang Dibakar (Ha),1271,KOTA SIBOLGA,2008,,,,,
80,79,Luas Lahan yang Dibakar (Ha),1272,KOTA TANJUNG BALAI,2008,,,,,
81,80,Luas Lahan yang Dibakar (Ha),1273,KOTA PEMATANG SIANTAR,2008,,,,,
82,81,Luas Lahan yang Dibakar (Ha),1274,KOTA TEBING TINGGI,2008,,,,,
83,82,Luas Lahan yang Dibakar (Ha),1275,KOTA MEDAN,2008,,,,,
84,83,Luas Lahan yang Dibakar (Ha),1276,KOTA BINJAI,2008,,,,4.5,
85,84,Luas Lahan yang Dibakar (Ha),1277,KOTA PADANGSIDIMPUAN,2008,,,,0.5,
86,85,Luas Lahan yang Dibakar (Ha),1301,KEPULAUAN MENTAWAI,2008,,,,22.5,
87,86,Luas Lahan yang Dibakar (Ha),1302,PESISIR SELATAN,2008,,,,236.0,
88,87,Luas Lahan yang Dibakar (Ha),1303,SOLOK,2008,,,,381.0,
89,88,Luas Lahan yang Dibakar (Ha),1304,SIJUNJUNG,2008,,,,672.5,
90,89,Luas Lahan yang Dibakar (Ha),1305,TANAH DATAR,2008,,,,28.0,
91,90,Luas Lahan yang Dibakar (Ha),1306,PADANG PARIAMAN,2008,,,,95.0,
92,91,Luas Lahan yang Dibakar (Ha),1307,AGAM,2008,,,,32.5,
93,92,Luas Lahan yang Dibakar (Ha),1308,LIMA PULUH KOTA,2008,,,,232.5,
94,93,Luas Lahan yang Dibakar (Ha),1309,PASAMAN,2008,,,,1588.0,
95,94,Luas Lahan yang Dibakar (Ha),1310,SOLOK SELATAN,2008,,,,113.1,
96,95,Luas Lahan yang Dibakar (Ha),1311,DHARMAS RAYA,2008,,,,845.0,
97,96,Luas Lahan yang Dibakar (Ha),1312,PASAMAN BARAT,2008,,,,1332.1,
98,97,Luas Lahan yang Dibakar (Ha),1371,KOTA PADANG,2008,,,,18.0,
99,98,Luas Lahan yang Dibakar (Ha),1372,KOTA SOLOK,2008,,,,,
100,99,Luas Lahan yang Dibakar (Ha),1373,KOTA SAWAH LUNTO,2008,,,,5.0,
101,100,Luas Lahan yang Dibakar (Ha),1374,KOTA PADANG PANJANG,2008,,,,,
102,101,Luas Lahan yang Dibakar (Ha),1375,KOTA BUKITTINGGI,2008,,,,,
103,102,Luas Lahan yang Dibakar (Ha),1376,KOTA PAYAKUMBUH,2008,,,,,
104,103,Luas Lahan yang Dibakar (Ha),1377,KOTA PARIAMAN,2008,,,,,
105,104,Luas Lahan yang Dibakar (Ha),1401,KUANTAN SINGINGI,2008,,,,2093.0,
106,105,Luas Lahan yang Dibakar (Ha),1402,INDRAGIRI HULU,2008,,,,1267.2,
107,106,Luas Lahan yang Dibakar (Ha),1403,INDRAGIRI HILIR,2008,,,,1418.5,
108,107,Luas Lahan yang Dibakar (Ha),1404,PELALAWAN,2008,,,,2715.8,
109,108,Luas Lahan yang Dibakar (Ha),1405,SIAK,2008,,,,1161.0,
110,109,Luas Lahan yang Dibakar (Ha),1406,KAMPAR,2008,,,,389.5,
111,110,Luas Lahan yang Dibakar (Ha),1407,ROKAN HULU,2008,,,,804.0,
112,111,Luas Lahan yang Dibakar (Ha),1408,BENGKALIS,2008,,,,638.2,
113,112,Luas Lahan yang Dibakar (Ha),1409,ROKAN HILIR,2008,,,,2939.0,
114,113,Luas Lahan yang Dibakar (Ha),1471,KOTA PEKANBARU,2008,,,,190.0,
115,114,Luas Lahan yang Dibakar (Ha),1473,KOTA DUMAI,2008,,,,113.0,
116,115,Luas Lahan yang Dibakar (Ha),1501,KERINCI,2008,,,,333.0,
117,116,Luas Lahan yang Dibakar (Ha),1502,MERANGIN,2008,,,,2361.7,
118,117,Luas Lahan yang Dibakar (Ha),1503,SAROLANGUN,2008,,,,2611.3,
119,118,Luas Lahan yang Dibakar (Ha),1504,BATANG HARI,2008,,,,989.2,
120,119,Luas Lahan yang Dibakar (Ha),1505,MUARO JAMBI,2008,,,,1428.0,
121,120,Luas Lahan yang Dibakar (Ha),1506,TANJUNG JABUNG TIMUR,2008,,,,2132.0,
122,121,Luas Lahan yang Dibakar (Ha),1507,TANJUNG JABUNG BARAT,2008,,,,209.0,
123,122,Luas Lahan yang Dibakar (Ha),1508,TEBO,2008,,,,926.5,
124,123,Luas Lahan yang Dibakar (Ha),1509,BUNGO,2008,,,,274.0,
125,124,Luas Lahan yang Dibakar (Ha),1571,KOTA JAMBI,2008,,,,,
126,125,Luas Lahan yang Dibakar (Ha),1601,OGAN KOMERING ULU,2008,,,,2452.2,
127,126,Luas Lahan yang Dibakar (Ha),1602,OGAN KOMERING ILIR,2008,,,,2319.0,
128,127,Luas Lahan yang Dibakar (Ha),1603,MUARA ENIM,2008,,,,6497.2,
129,128,Luas Lahan yang Dibakar (Ha),1604,LAHAT,2008,,,,1177.1,
130,129,Luas Lahan yang Dibakar (Ha),1605,MUSI RAWAS,2008,,,,2402.5,
131,130,Luas Lahan yang Dibakar (Ha),1606,MUSI BANYUASIN,2008,,,,2510.5,
132,131,Luas Lahan yang Dibakar (Ha),1607,BANYU ASIN,2008,,,,17440.1,
133,132,Luas Lahan yang Dibakar (Ha),1608,OGAN KOMERING ULU SELATAN,2008,,,,1836.5,
134,133,Luas Lahan yang Dibakar (Ha),1609,OGAN KOMERING ULU TIMUR,2008,,,,574.2,
135,134,Luas Lahan yang Dibakar (Ha),1610,OGAN ILIR,2008,,,,1132.7,
136,135,Luas Lahan yang Dibakar (Ha),1611,EMPAT LAWANG,2008,,,,847.5,
137,136,Luas Lahan yang Dibakar (Ha),1671,KOTA PALEMBANG,2008,,,,84.0,
138,137,Luas Lahan yang Dibakar (Ha),1672,KOTA PRABUMULIH,2008,,,,377.0,
139,138,Luas Lahan yang Dibakar (Ha),1673,KOTA PAGAR ALAM,2008,,,,29.0,
140,139,Luas Lahan yang Dibakar (Ha),1674,KOTA LUBUK LINGGAU,2008,,,,13.0,
141,140,Luas Lahan yang Dibakar (Ha),1701,BENGKULU SELATAN,2008,,,,499.4,
142,141,Luas Lahan yang Dibakar (Ha),1702,REJANG LEBONG,2008,,,,366.0,
143,142,Luas Lahan yang Dibakar (Ha),1703,BENGKULU UTARA,2008,,,,2488.5,
144,143,Luas Lahan yang Dibakar (Ha),1704,KAUR,2008,,,,556.2,
145,144,Luas Lahan yang Dibakar (Ha),1705,SELUMA,2008,,,,730.6,
146,145,Luas Lahan yang Dibakar (Ha),1706,MUKOMUKO,2008,,,,2141.0,
147,146,Luas Lahan yang Dibakar (Ha),1707,LEBONG,2008,,,,388.0,
148,147,Luas Lahan yang Dibakar (Ha),1708,KEPAHIANG,2008,,,,507.0,
149,148,Luas Lahan yang Dibakar (Ha),1771,KOTA BENGKULU,2008,,,,,
150,149,Luas Lahan yang Dibakar (Ha),1801,LAMPUNG BARAT,2008,,,,242.1,
151,150,Luas Lahan yang Dibakar (Ha),1802,TANGGAMUS,2008,,,,958.1,
152,151,Luas Lahan yang Dibakar (Ha),1803,LAMPUNG SELATAN,2008,,,,,
153,152,Luas Lahan yang Dibakar (Ha),1804,LAMPUNG TIMUR,2008,,,,91.5,
154,153,Luas Lahan yang Dibakar (Ha),1805,LAMPUNG TENGAH,2008,,,,1381.0,
155,154,Luas Lahan yang Dibakar (Ha),1806,LAMPUNG UTARA,2008,,,,3511.0,
156,155,Luas Lahan yang Dibakar (Ha),1807,WAY KANAN,2008,,,,1483.4,
157,156,Luas Lahan yang Dibakar (Ha),1808,TULANG BAWANG,2008,,,,49009.0,
158,157,Luas Lahan yang Dibakar (Ha),1809,PESAWARAN,2008,,,,,
159,158,Luas Lahan yang Dibakar (Ha),1871,KOTA BANDAR LAMPUNG,2008,,,,3.0,
160,159,Luas Lahan yang Dibakar (Ha),1872,KOTA METRO,2008,,,,,
161,160,Luas Lahan yang Dibakar (Ha),1901,BANGKA,2008,,,,2389.0,
162,161,Luas Lahan yang Dibakar (Ha),1902,BELITUNG,2008,,,,683.5,
163,162,Luas Lahan yang Dibakar (Ha),1903,BANGKA BARAT,2008,,,,2545.3,
164,163,Luas Lahan yang Dibakar (Ha),1904,BANGKA TENGAH,2008,,,,1016.0,
165,164,Luas Lahan yang Dibakar (Ha),1905,BANGKA SELATAN,2008,,,,1090.0,
166,165,Luas Lahan yang Dibakar (Ha),1906,BELITUNG TIMUR,2008,,,,66.5,
167,166,Luas Lahan yang Dibakar (Ha),1971,KOTA PANGKAL PINANG,2008,,,,,
168,167,Luas Lahan yang Dibakar (Ha),2101,KARIMUN,2008,,,,26.0,
169,168,Luas Lahan yang Dibakar (Ha),2102,BINTAN,2008,,,,19.0,
170,169,Luas Lahan yang Dibakar (Ha),2103,NATUNA,2008,,,,1375.0,
171,170,Luas Lahan yang Dibakar (Ha),2104,LINGGA,2008,,,,183.8,
172,171,Luas Lahan yang Dibakar (Ha),2171,KOTA BATAM,2008,,,,26.0,
173,172,Luas Lahan yang Dibakar (Ha),2172,KOTA TANJUNG PINANG,2008,,,,,
174,173,Luas Lahan yang Dibakar (Ha),3101,KEPULAUAN SERIBU,2008,,,,,
175,174,Luas Lahan yang Dibakar (Ha),3171,KOTA JAKARTA SELATAN,2008,,,,,
176,175,Luas Lahan yang Dibakar (Ha),3172,KOTA JAKARTA TIMUR,2008,,,,,
177,176,Luas Lahan yang Dibakar (Ha),3173,KOTA JAKARTA PUSAT,2008,,,,,
178,177,Luas Lahan yang Dibakar (Ha),3174,KOTA JAKARTA BARAT,2008,,,,,
179,178,Luas Lahan yang Dibakar (Ha),3175,KOTA JAKARTA UTARA,2008,,,,,
180,179,Luas Lahan yang Dibakar (Ha),3201,BOGOR,2008,,,,208.8,
181,180,Luas Lahan yang Dibakar (Ha),3202,SUKABUMI,2008,,,,348.2,
182,181,Luas Lahan yang Dibakar (Ha),3203,CIANJUR,2008,,,,2212.6,
183,182,Luas Lahan yang Dibakar (Ha),3204,BANDUNG,2008,,,,368.7,
184,183,Luas Lahan yang Dibakar (Ha),3205,GARUT,2008,,,,746.5,
185,184,Luas Lahan yang Dibakar (Ha),3206,TASIKMALAYA,2008,,,,58.5,
186,185,Luas Lahan yang Dibakar (Ha),3207,CIAMIS,2008,,,,27.5,
187,186,Luas Lahan yang Dibakar (Ha),3208,KUNINGAN,2008,,,,57.0,
188,187,Luas Lahan yang Dibakar (Ha),3209,CIREBON,2008,,,,591.6,
189,188,Luas Lahan yang Dibakar (Ha),3210,MAJALENGKA,2008,,,,869.0,
190,189,Luas Lahan yang Dibakar (Ha),3211,SUMEDANG,2008,,,,691.4,
191,190,Luas Lahan yang Dibakar (Ha),3212,INDRAMAYU,2008,,,,12.0,
192,191,Luas Lahan yang Dibakar (Ha),3213,SUBANG,2008,,,,450.5,
193,192,Luas Lahan yang Dibakar (Ha),3214,PURWAKARTA,2008,,,,200.5,
194,193,Luas Lahan yang Dibakar (Ha),3215,KARAWANG,2008,,,,368.0,
195,194,Luas Lahan yang Dibakar (Ha),3216,BEKASI,2008,,,,,
196,195,Luas Lahan yang Dibakar (Ha),3217,BANDUNG BARAT,2008,,,,106.9,
197,196,Luas Lahan yang Dibakar (Ha),3271,KOTA BOGOR,2008,,,,,
198,197,Luas Lahan yang Dibakar (Ha),3272,KOTA SUKABUMI,2008,,,,,
199,198,Luas Lahan yang Dibakar (Ha),3273,KOTA BANDUNG,2008,,,,,
200,199,Luas Lahan yang Dibakar (Ha),3274,KOTA CIREBON,2008,,,,,
201,200,Luas Lahan yang Dibakar (Ha),3275,KOTA BEKASI,2008,,,,,
202,201,Luas Lahan yang Dibakar (Ha),3276,KOTA DEPOK,2008,,,,,
203,202,Luas Lahan yang Dibakar (Ha),3277,KOTA CIMAHI,2008,,,,,
204,203,Luas Lahan yang Dibakar (Ha),3278,KOTA TASIKMALAYA,2008,,,,,
205,204,Luas Lahan yang Dibakar (Ha),3279,KOTA BANJAR,2008,,,,,
206,205,Luas Lahan yang Dibakar (Ha),3301,CILACAP,2008,,,,27.5,
207,206,Luas Lahan yang Dibakar (Ha),3302,BANYUMAS,2008,,,,27.6,
208,207,Luas Lahan yang Dibakar (Ha),3303,PURBALINGGA,2008,,,,,
209,208,Luas Lahan yang Dibakar (Ha),3304,BANJARNEGARA,2008,,,,,
210,209,Luas Lahan yang Dibakar (Ha),3305,KEBUMEN,2008,,,,1.0,
211,210,Luas Lahan yang Dibakar (Ha),3306,PURWOREJO,2008,,,,315.6,
212,211,Luas Lahan yang Dibakar (Ha),3307,WONOSOBO,2008,,,,,
213,212,Luas Lahan yang Dibakar (Ha),3308,MAGELANG,2008,,,,5.0,
214,213,Luas Lahan yang Dibakar (Ha),3309,BOYOLALI,2008,,,,6.0,
215,214,Luas Lahan yang Dibakar (Ha),3310,KLATEN,2008,,,,,
216,215,Luas Lahan yang Dibakar (Ha),3311,SUKOHARJO,2008,,,,39.0,
217,216,Luas Lahan yang Dibakar (Ha),3312,WONOGIRI,2008,,,,96.0,
218,217,Luas Lahan yang Dibakar (Ha),3313,KARANGANYAR,2008,,,,231.2,
219,218,Luas Lahan yang Dibakar (Ha),3314,SRAGEN,2008,,,,227.4,
220,219,Luas Lahan yang Dibakar (Ha),3315,GROBOGAN,2008,,,,3.0,
221,220,Luas Lahan yang Dibakar (Ha),3316,BLORA,2008,,,,87.0,
222,221,Luas Lahan yang Dibakar (Ha),3317,REMBANG,2008,,,,2756.5,
223,222,Luas Lahan yang Dibakar (Ha),3318,PATI,2008,,,,5.0,
224,223,Luas Lahan yang Dibakar (Ha),3319,KUDUS,2008,,,,658.1,
225,224,Luas Lahan yang Dibakar (Ha),3320,JEPARA,2008,,,,16.2,
226,225,Luas Lahan yang Dibakar (Ha),3321,DEMAK,2008,,,,,
227,226,Luas Lahan yang Dibakar (Ha),3322,SEMARANG,2008,,,,,
228,227,Luas Lahan yang Dibakar (Ha),3323,TEMANGGUNG,2008,,,,,
229,228,Luas Lahan yang Dibakar (Ha),3324,KENDAL,2008,,,,,
230,229,Luas Lahan yang Dibakar (Ha),3325,BATANG,2008,,,,278.5,
231,230,Luas Lahan yang Dibakar (Ha),3326,PEKALONGAN,2008,,,,39.5,
232,231,Luas Lahan yang Dibakar (Ha),3327,PEMALANG,2008,,,,40.0,
233,232,Luas Lahan yang Dibakar (Ha),3328,TEGAL,2008,,,,214.4,
234,233,Luas Lahan yang Dibakar (Ha),3329,BREBES,2008,,,,240.7,
235,234,Luas Lahan yang Dibakar (Ha),3371,KOTA MAGELANG,2008,,,,,
236,235,Luas Lahan yang Dibakar (Ha),3372,KOTA SURAKARTA,2008,,,,,
237,236,Luas Lahan yang Dibakar (Ha),3373,KOTA SALATIGA,2008,,,,1.5,
238,237,Luas Lahan yang Dibakar (Ha),3374,KOTA SEMARANG,2008,,,,2.0,
239,238,Luas Lahan yang Dibakar (Ha),3375,KOTA PEKALONGAN,2008,,,,,
240,239,Luas Lahan yang Dibakar (Ha),3376,KOTA TEGAL,2008,,,,,
241,240,Luas Lahan yang Dibakar (Ha),3401,KULON PROGO,2008,,,,,
242,241,Luas Lahan yang Dibakar (Ha),3402,BANTUL,2008,,,,,
243,242,Luas Lahan yang Dibakar (Ha),3403,GUNUNG KIDUL,2008,,,,,
244,243,Luas Lahan yang Dibakar (Ha),3404,SLEMAN,2008,,,,,
245,244,Luas Lahan yang Dibakar (Ha),3471,KOTA YOGYAKARTA,2008,,,,,
246,245,Luas Lahan yang Dibakar (Ha),3501,PACITAN,2008,,,,,
247,246,Luas Lahan yang Dibakar (Ha),3502,PONOROGO,2008,,,,38.8,
248,247,Luas Lahan yang Dibakar (Ha),3503,TRENGGALEK,2008,,,,50.0,
249,248,Luas Lahan yang Dibakar (Ha),3504,TULUNGAGUNG,2008,,,,7.0,
250,249,Luas Lahan yang Dibakar (Ha),3505,BLITAR,2008,,,,59.2,
251,250,Luas Lahan yang Dibakar (Ha),3506,KEDIRI,2008,,,,105.8,
252,251,Luas Lahan yang Dibakar (Ha),3507,MALANG,2008,,,,1185.2,
253,252,Luas Lahan yang Dibakar (Ha),3508,LUMAJANG,2008,,,,,
254,253,Luas Lahan yang Dibakar (Ha),3509,JEMBER,2008,,,,,
255,254,Luas Lahan yang Dibakar (Ha),3510,BANYUWANGI,2008,,,,,
256,255,Luas Lahan yang Dibakar (Ha),3511,BONDOWOSO,2008,,,,582.5,
257,256,Luas Lahan yang Dibakar (Ha),3512,SITUBONDO,2008,,,,27.0,
258,257,Luas Lahan yang Dibakar (Ha),3513,PROBOLINGGO,2008,,,,121.0,
259,258,Luas Lahan yang Dibakar (Ha),3514,PASURUAN,2008,,,,183.9,
260,259,Luas Lahan yang Dibakar (Ha),3515,SIDOARJO,2008,,,,116.3,
261,260,Luas Lahan yang Dibakar (Ha),3516,MOJOKERTO,2008,,,,1898.2,
262,261,Luas Lahan yang Dibakar (Ha),3517,JOMBANG,2008,,,,1.5,
263,262,Luas Lahan yang Dibakar (Ha),3518,NGANJUK,2008,,,,184.9,
264,263,Luas Lahan yang Dibakar (Ha),3519,MADIUN,2008,,,,42.6,
265,264,Luas Lahan yang Dibakar (Ha),3520,MAGETAN,2008,,,,188.4,
266,265,Luas Lahan yang Dibakar (Ha),3521,NGAWI,2008,,,,648.6,
267,266,Luas Lahan yang Dibakar (Ha),3522,BOJONEGORO,2008,,,,10.0,
268,267,Luas Lahan yang Dibakar (Ha),3523,TUBAN,2008,,,,,
269,268,Luas Lahan yang Dibakar (Ha),3524,LAMONGAN,2008,,,,,
270,269,Luas Lahan yang Dibakar (Ha),3525,GRESIK,2008,,,,105.7,
271,270,Luas Lahan yang Dibakar (Ha),3526,BANGKALAN,2008,,,,5.0,
272,271,Luas Lahan yang Dibakar (Ha),3527,SAMPANG,2008,,,,10.5,
273,272,Luas Lahan yang Dibakar (Ha),3528,PAMEKASAN,2008,,,,0.3,
274,273,Luas Lahan yang Dibakar (Ha),3529,SUMENEP,2008,,,,60.0,
275,274,Luas Lahan yang Dibakar (Ha),3571,KOTA KEDIRI,2008,,,,494.8,
276,275,Luas Lahan yang Dibakar (Ha),3572,KOTA BLITAR,2008,,,,,
277,276,Luas Lahan yang Dibakar (Ha),3573,KOTA MALANG,2008,,,,,
278,277,Luas Lahan yang Dibakar (Ha),3574,KOTA PROBOLINGGO,2008,,,,,
279,278,Luas Lahan yang Dibakar (Ha),3575,KOTA PASURUAN,2008,,,,,
280,279,Luas Lahan yang Dibakar (Ha),3576,KOTA MOJOKERTO,2008,,,,,
281,280,Luas Lahan yang Dibakar (Ha),3577,KOTA MADIUN,2008,,,,,
282,281,Luas Lahan yang Dibakar (Ha),3578,KOTA SURABAYA,2008,,,,,
283,282,Luas Lahan yang Dibakar (Ha),3579,KOTA BATU,2008,,,,,
284,283,Luas Lahan yang Dibakar (Ha),3601,PANDEGLANG,2008,,,,1804.4,
285,284,Luas Lahan yang Dibakar (Ha),3602,LEBAK,2008,,,,3291.1,
286,285,Luas Lahan yang Dibakar (Ha),3603,TANGERANG,2008,,,,,
287,286,Luas Lahan yang Dibakar (Ha),3604,SERANG,2008,,,,138.0,
288,287,Luas Lahan yang Dibakar (Ha),3671,KOTA TANGERANG,2008,,,,,
289,288,Luas Lahan yang Dibakar (Ha),3672,KOTA CILEGON,2008,,,,,
290,289,Luas Lahan yang Dibakar (Ha),3673,KOTA SERANG,2008,,,,,
291,290,Luas Lahan yang Dibakar (Ha),5101,JEMBRANA,2008,,,,,
292,291,Luas Lahan yang Dibakar (Ha),5102,TABANAN,2008,,,,,
293,292,Luas Lahan yang Dibakar (Ha),5103,BADUNG,2008,,,,,
294,293,Luas Lahan yang Dibakar (Ha),5104,GIANYAR,2008,,,,,
295,294,Luas Lahan yang Dibakar (Ha),5105,KLUNGKUNG,2008,,,,,
296,295,Luas Lahan yang Dibakar (Ha),5106,BANGLI,2008,,,,,
297,296,Luas Lahan yang Dibakar (Ha),5107,KARANG ASEM,2008,,,,12.7,
298,297,Luas Lahan yang Dibakar (Ha),5108,BULELENG,2008,,,,10.0,
299,298,Luas Lahan yang Dibakar (Ha),5171,KOTA DENPASAR,2008,,,,,
300,299,Luas Lahan yang Dibakar (Ha),5201,LOMBOK BARAT,2008,,,,3.0,
301,300,Luas Lahan yang Dibakar (Ha),5202,LOMBOK TENGAH,2008,,,,103.0,
302,301,Luas Lahan yang Dibakar (Ha),5203,LOMBOK TIMUR,2008,,,,,
303,302,Luas Lahan yang Dibakar (Ha),5204,SUMBAWA,2008,,,,3257.8,
304,303,Luas Lahan yang Dibakar (Ha),5205,DOMPU,2008,,,,582.3,
305,304,Luas Lahan yang Dibakar (Ha),5206,BIMA,2008,,,,194.6,
306,305,Luas Lahan yang Dibakar (Ha),5207,SUMBAWA BARAT,2008,,,,17.0,
307,306,Luas Lahan yang Dibakar (Ha),5271,KOTA MATARAM,2008,,,,,
308,307,Luas Lahan yang Dibakar (Ha),5272,KOTA BIMA,2008,,,,282.0,
309,308,Luas Lahan yang Dibakar (Ha),5301,SUMBA BARAT,2008,,,,437.5,
310,309,Luas Lahan yang Dibakar (Ha),5302,SUMBA TIMUR,2008,,,,2468.1,
311,310,Luas Lahan yang Dibakar (Ha),5303,KUPANG,2008,,,,11931.5,
312,311,Luas Lahan yang Dibakar (Ha),5304,TIMOR TENGAH SELATAN,2008,,,,44583.4,
313,312,Luas Lahan yang Dibakar (Ha),5305,TIMOR TENGAH UTARA,2008,,,,5944.7,
314,313,Luas Lahan yang Dibakar (Ha),5306,BELU,2008,,,,4221.7,
315,314,Luas Lahan yang Dibakar (Ha),5307,ALOR,2008,,,,14081.4,
316,315,Luas Lahan yang Dibakar (Ha),5308,LEMBATA,2008,,,,2229.0,
317,316,Luas Lahan yang Dibakar (Ha),5309,FLORES TIMUR,2008,,,,1712.4,
318,317,Luas Lahan yang Dibakar (Ha),5310,SIKKA,2008,,,,502.0,
319,318,Luas Lahan yang Dibakar (Ha),5311,ENDE,2008,,,,1923.3,
320,319,Luas Lahan yang Dibakar (Ha),5312,NGADA,2008,,,,84.0,
321,320,Luas Lahan yang Dibakar (Ha),5313,MANGGARAI,2008,,,,604.1,
322,321,Luas Lahan yang Dibakar (Ha),5314,ROTE NDAO,2008,,,,475.0,
323,322,Luas Lahan yang Dibakar (Ha),5315,MANGGARAI BARAT,2008,,,,253.0,
324,323,Luas Lahan yang Dibakar (Ha),5316,SUMBA TENGAH,2008,,,,986.5,
325,324,Luas Lahan yang Dibakar (Ha),5317,SUMBA BARAT DAYA,2008,,,,280.0,
326,325,Luas Lahan yang Dibakar (Ha),5318,NAGEKEO,2008,,,,149.0,
327,326,Luas Lahan yang Dibakar (Ha),5319,MANGGARAI TIMUR,2008,,,,255.0,
328,327,Luas Lahan yang Dibakar (Ha),5371,KOTA KUPANG,2008,,,,145.0,
329,328,Luas Lahan yang Dibakar (Ha),6101,SAMBAS,2008,,,,3715.0,
330,329,Luas Lahan yang Dibakar (Ha),6102,BENGKAYANG,2008,,,,17281.0,
331,330,Luas Lahan yang Dibakar (Ha),6103,LANDAK,2008,,,,22329.3,
332,331,Luas Lahan yang Dibakar (Ha),6104,PONTIANAK,2008,,,,346.0,
333,332,Luas Lahan yang Dibakar (Ha),6105,SANGGAU,2008,,,,25364.8,
334,333,Luas Lahan yang Dibakar (Ha),6106,KETAPANG,2008,,,,15768.9,
335,334,Luas Lahan yang Dibakar (Ha),6107,SINTANG,2008,,,,1118496.1,
336,335,Luas Lahan yang Dibakar (Ha),6108,KAPUAS HULU,2008,,,,20355.5,
337,336,Luas Lahan yang Dibakar (Ha),6109,SEKADAU,2008,,,,15667.1,
338,337,Luas Lahan yang Dibakar (Ha),6110,MELAWI,2008,,,,16797.0,
339,338,Luas Lahan yang Dibakar (Ha),6111,KAYONG UTARA,2008,,,,2515.0,
340,339,Luas Lahan yang Dibakar (Ha),6112,KUBU RAYA,2008,,,,2121.1,
341,340,Luas Lahan yang Dibakar (Ha),6171,KOTA PONTIANAK,2008,,,,20.0,
342,341,Luas Lahan yang Dibakar (Ha),6172,KOTA SINGKAWANG,2008,,,,430.0,
343,342,Luas Lahan yang Dibakar (Ha),6201,KOTAWARINGIN BARAT,2008,,,,2812.0,
344,343,Luas Lahan yang Dibakar (Ha),6202,KOTAWARINGIN TIMUR,2008,,,,1462.0,
345,344,Luas Lahan yang Dibakar (Ha),6203,KAPUAS,2008,,,,8505.0,
346,345,Luas Lahan yang Dibakar (Ha),6204,BARITO SELATAN,2008,,,,5463.6,
347,346,Luas Lahan yang Dibakar (Ha),6205,BARITO UTARA,2008,,,,7334.5,
348,347,Luas Lahan yang Dibakar (Ha),6206,SUKAMARA,2008,,,,1009.0,
349,348,Luas Lahan yang Dibakar (Ha),6207,LAMANDAU,2008,,,,6553.0,
350,349,Luas Lahan yang Dibakar (Ha),6208,SERUYAN,2008,,,,25410.5,
351,350,Luas Lahan yang Dibakar (Ha),6209,KATINGAN,2008,,,,34792.2,
352,351,Luas Lahan yang Dibakar (Ha),6210,PULANG PISAU,2008,,,,1100.1,
353,352,Luas Lahan yang Dibakar (Ha),6211,GUNUNG MAS,2008,,,,10715.9,
354,353,Luas Lahan yang Dibakar (Ha),6212,BARITO TIMUR,2008,,,,4027.3,
355,354,Luas Lahan yang Dibakar (Ha),6213,MURUNG RAYA,2008,,,,4728.5,
356,355,Luas Lahan yang Dibakar (Ha),6271,KOTA PALANGKA RAYA,2008,,,,185.5,
357,356,Luas Lahan yang Dibakar (Ha),6301,TANAH LAUT,2008,,,,760.8,
358,357,Luas Lahan yang Dibakar (Ha),6302,KOTA BARU,2008,,,,3653.0,
359,358,Luas Lahan yang Dibakar (Ha),6303,BANJAR,2008,,,,1487.9,
360,359,Luas Lahan yang Dibakar (Ha),6304,BARITO KUALA,2008,,,,158.0,
361,360,Luas Lahan yang Dibakar (Ha),6305,TAPIN,2008,,,,799.5,
362,361,Luas Lahan yang Dibakar (Ha),6306,HULU SUNGAI SELATAN,2008,,,,7490.7,
363,362,Luas Lahan yang Dibakar (Ha),6307,HULU SUNGAI TENGAH,2008,,,,821.0,
364,363,Luas Lahan yang Dibakar (Ha),6308,HULU SUNGAI UTARA,2008,,,,306.0,
365,364,Luas Lahan yang Dibakar (Ha),6309,TABALONG,2008,,,,865.5,
366,365,Luas Lahan yang Dibakar (Ha),6310,TANAH BUMBU,2008,,,,924.0,
367,366,Luas Lahan yang Dibakar (Ha),6311,BALANGAN,2008,,,,702.2,
368,367,Luas Lahan yang Dibakar (Ha),6371,KOTA BANJARMASIN,2008,,,,,
369,368,Luas Lahan yang Dibakar (Ha),6372,KOTA BANJAR BARU,2008,,,,,
370,369,Luas Lahan yang Dibakar (Ha),6401,PASER,2008,,,,3781.8,
371,370,Luas Lahan yang Dibakar (Ha),6402,KUTAI BARAT,2008,,,,16927.8,
372,371,Luas Lahan yang Dibakar (Ha),6403,KUTAI KARTANEGARA,2008,,,,7883.0,
373,372,Luas Lahan yang Dibakar (Ha),6404,KUTAI TIMUR,2008,,,,10898.8,
374,373,Luas Lahan yang Dibakar (Ha),6405,BERAU,2008,,,,4854.7,
375,374,Luas Lahan yang Dibakar (Ha),6406,MALINAU,2008,,,,9684.6,
376,375,Luas Lahan yang Dibakar (Ha),6407,BULUNGAN,2008,,,,7109.3,
377,376,Luas Lahan yang Dibakar (Ha),6408,NUNUKAN,2008,,,,2595.6,
378,377,Luas Lahan yang Dibakar (Ha),6409,PENAJAM PASER UTARA,2008,,,,188.0,
379,378,Luas Lahan yang Dibakar (Ha),6410,TANA TIDUNG,2008,,,,1345.0,
380,379,Luas Lahan yang Dibakar (Ha),6471,KOTA BALIKPAPAN,2008,,,,37.6,
381,380,Luas Lahan yang Dibakar (Ha),6472,KOTA SAMARINDA,2008,,,,,
382,381,Luas Lahan yang Dibakar (Ha),6473,KOTA TARAKAN,2008,,,,30.9,
383,382,Luas Lahan yang Dibakar (Ha),6474,KOTA BONTANG,2008,,,,,
384,383,Luas Lahan yang Dibakar (Ha),7101,BOLAANG MONGONDOW,2008,,,,1413.2,
385,384,Luas Lahan yang Dibakar (Ha),7102,MINAHASA,2008,,,,154.0,
386,385,Luas Lahan yang Dibakar (Ha),7103,KEPULAUAN SANGIHE,2008,,,,151.6,
387,386,Luas Lahan yang Dibakar (Ha),7104,KEPULAUAN TALAUD,2008,,,,370.3,
388,387,Luas Lahan yang Dibakar (Ha),7105,MINAHASA SELATAN,2008,,,,175.5,
389,388,Luas Lahan yang Dibakar (Ha),7106,MINAHASA UTARA,2008,,,,1006.3,
